{"cameraMode":{"drawMode":0,"name":"Shaded","section":"Shading Mode"},"sceneLighting":false,"audioPlay":false,"sceneViewState":{"showFog":true,"showMaterialUpdate":false,"showSkybox":false,"showFlares":true,"showImageEffects":true,"showParticleSystems":true},"in2DMode":false,"pivot":{"x":36.727996826171878,"y":3.0955939292907717,"z":59.92637634277344},"rotation":{"x":-0.1878623515367508,"y":0.6465328931808472,"z":-0.16880543529987336,"w":-0.7199662923812866},"size":7.6114888191223148,"orthographic":false}