{"cameraMode":{"drawMode":0,"name":"Shaded","section":"Shading Mode"},"sceneLighting":true,"audioPlay":false,"sceneViewState":{"showFog":true,"showMaterialUpdate":false,"showSkybox":true,"showFlares":true,"showImageEffects":true,"showParticleSystems":true},"in2DMode":false,"pivot":{"x":-6.496685028076172,"y":40.335174560546878,"z":56.13499069213867},"rotation":{"x":0.11199818551540375,"y":0.8910796046257019,"z":-0.3225655257701874,"w":0.30039653182029726},"size":20.67620849609375,"orthographic":false}