{"cameraMode":{"drawMode":0,"name":"Shaded","section":"Shading Mode"},"sceneLighting":false,"audioPlay":false,"sceneViewState":{"showFog":true,"showMaterialUpdate":false,"showSkybox":false,"showFlares":true,"showImageEffects":true,"showParticleSystems":true},"in2DMode":false,"pivot":{"x":20.90919303894043,"y":5.086080551147461,"z":17.17401885986328},"rotation":{"x":-0.2655794620513916,"y":-0.010095939040184021,"z":0.0027349370066076519,"w":-0.9640668630599976},"size":6.233020305633545,"orthographic":false}