{"cameraMode":{"drawMode":0,"name":"Shaded","section":"Shading Mode"},"sceneLighting":false,"audioPlay":false,"sceneViewState":{"showFog":true,"showMaterialUpdate":false,"showSkybox":false,"showFlares":true,"showImageEffects":true,"showParticleSystems":true},"in2DMode":false,"pivot":{"x":-13.519500732421875,"y":3.069499969482422,"z":-5.874000072479248},"rotation":{"x":-0.07550037652254105,"y":-0.9243708848953247,"z":0.280122309923172,"w":-0.24829445779323579},"size":1.0155130624771119,"orthographic":false}