{"cameraMode":{"drawMode":0,"name":"Shaded","section":"Shading Mode"},"sceneLighting":true,"audioPlay":false,"sceneViewState":{"showFog":true,"showMaterialUpdate":false,"showSkybox":true,"showFlares":true,"showImageEffects":true,"showParticleSystems":true},"in2DMode":false,"pivot":{"x":841.3215942382813,"y":489.6702880859375,"z":383.7547912597656},"rotation":{"x":0.012309407815337181,"y":-0.003004075726494193,"z":0.00004035589154227637,"w":0.9999278783798218},"size":597.1907348632813,"orthographic":false}